,file_path,mfcc_a_0,mfcc_a_1,mfcc_a_2,mfcc_a_3,mfcc_a_4,mfcc_a_5,mfcc_a_6,mfcc_a_7,mfcc_a_8,mfcc_a_9,mfcc_a_10,mfcc_a_11,mfcc_a_12,mfcc_std_0,mfcc_std_1,mfcc_std_2,mfcc_std_3,mfcc_std_4,mfcc_std_5,mfcc_std_6,mfcc_std_7,mfcc_std_8,mfcc_std_9,mfcc_std_10,mfcc_std_11,mfcc_std_12,chroma_a_0,chroma_a_1,chroma_a_2,chroma_a_3,chroma_a_4,chroma_a_5,chroma_a_6,chroma_a_7,chroma_a_8,chroma_a_9,chroma_a_10,chroma_a_11,chroma_std_0,chroma_std_1,chroma_std_2,chroma_std_3,chroma_std_4,chroma_std_5,chroma_std_6,chroma_std_7,chroma_std_8,chroma_std_9,chroma_std_10,chroma_std_11,rolloff_a,rolloff_std,melspect_a,melspect_std,rmseP_a,rmseP_std,rmseH_a,rmseH_std,centroid_a,centroid_std,bw_a,bw_std,contrast_a,contrast_std,polyfeat_a,polyfeat_std,tonnetz_a,tonnetz_std,zcr_a,zcr_std,onset_a,onset_std,bpm,rmseP_skew,rmseP_kurtosis,rmseH_skew,rmseH_kurtosis,beats_a,beats_std
0,c037a64fe93b18301a74545f10f76ee30161c04d,-304.3125,195.6796,4.6002064,-51.742577,-15.158559,-9.141789,-30.359156,-27.649654,-8.466379,-1.151867,-4.2092867,-5.9856286,-7.9834948,24.023045,13.964403,18.704536,9.838853,10.534342,7.3340096,8.923874,8.9734535,9.301024,9.228395,10.024035,10.661769,11.627394,0.19988129,0.06492737,0.13750994,0.075082645,0.13799262,0.2986624,0.114271976,0.28900343,0.32123527,0.40716618,0.1337016,0.09232982,0.21119894,0.10980574,0.17597649,0.12071385,0.18389158,0.24154997,0.12683077,0.23102954,0.21792263,0.259912,0.19016124,0.12670879,1645.4899978637695,337.4083642342906,5.8877044,51.35355,0.015137768090276666,0.014593948218360952,0.08887477139033437,0.042688795386231326,1055.3302674738188,159.32576768462673,894.7873465855843,127.39843986738865,21.550890852476673,10.329695890409283,-0.00012682066629838767,4.7238265521955074e-05,0.02545717441749467,0.23192003746658654,0.03853740692138672,0.007204620774979769,1.0634005,0.78540015,105.46875,3.600691675855529,23.576447895405206,0.9977337758584952,0.46749162310522285,14.506338082402772,8.516138160960029
1,c4f9f8966177fb9e5af8197e715a7b753c40b8a4,-375.60822,170.7004,-24.11782,-25.687237,15.844667,-5.0534663,-8.824063,-1.3564873,-16.363083,-15.365125,-3.0689502,-9.826308,-16.407185,44.60012,29.585638,22.947374,13.177324,14.397811,12.220691,8.165174,7.486511,10.4877205,8.065991,6.9412103,7.360247,7.3029437,0.22204268,0.15096906,0.15137064,0.1304399,0.15607092,0.19324319,0.26878738,0.30549294,0.29515326,0.321296,0.2138639,0.25964266,0.18062505,0.1471399,0.15287054,0.12507838,0.1554539,0.17360897,0.18790053,0.19427715,0.1693795,0.17743984,0.19085158,0.19990256,2540.859088897705,635.6873897153172,0.8472956,7.234189,0.01511610925273101,0.019287230367105567,0.022330382101074808,0.021461293636282235,1476.3588661645474,326.95135066411973,1281.056111449255,278.93426498967415,21.55396897961908,10.68559443186634,-3.976909984725401e-05,3.252455625187757e-05,0.010199073541047245,0.1613121032274361,0.04701499938964844,0.016197836846056284,1.2948256,1.6833886,123.046875,1.773171346035364,2.8965436420588757,1.6020084114661397,2.4584079844657225,14.786854119425549,8.471964932342335
2,eee64f93ed65be050811033bbedf3b172ac9a2c4,-326.20154,176.32347,-1.4232662,-31.47113,13.106285,9.871706,-12.823929,-10.892403,-3.6206996,-4.1476355,-4.967427,-4.594705,-2.0581222,32.464703,18.314547,25.812763,15.321512,12.35197,10.917346,8.121278,10.037825,8.322238,7.2582374,7.739156,8.174555,9.519882,0.15876584,0.23120685,0.37437567,0.10781975,0.29375643,0.17141676,0.18008105,0.15752034,0.18174036,0.43479842,0.034336925,0.09158748,0.16974546,0.12869184,0.27349576,0.14714748,0.23223352,0.19320221,0.14588752,0.17514706,0.1409022,0.19080023,0.08629805,0.1274266,2047.5132179260254,297.0147849469883,2.7259517,30.332922,0.010454945275254809,0.015105675732821322,0.05100893576809603,0.05190876362691544,1207.8426809076193,192.50713536176326,1046.4536981898793,183.43848865898434,22.580571501057957,10.471249754844273,-7.883819949246696e-05,6.306055150608156e-05,0.010288389680186942,0.22566749369266884,0.04430942535400391,0.014294400537566233,1.0696074,0.8011746,129.19921875,4.254307358056641,23.93364289416149,1.6997411303119778,2.2331901852279064,14.612674690388976,8.447623587515196
3,cbd92f3c450a0a64a50d6aa8b446483c7d72b2af,-274.96243,167.20071,-0.44950667,8.221432,9.7723675,9.382514,-11.982567,-4.3760376,-4.6097174,-6.5769205,-14.7002535,-11.368732,-7.3652267,44.43298,13.340864,29.004784,14.684277,14.330969,12.207239,11.197851,10.567059,9.286043,8.529988,8.878604,7.559105,8.355684,0.31538475,0.21754389,0.07216144,0.032105327,0.15776098,0.17384183,0.06116929,0.16899034,0.16214947,0.36773592,0.4484667,0.24144158,0.26313594,0.18439902,0.09079744,0.0721531,0.17072807,0.17026564,0.09729987,0.14392641,0.13831376,0.20739844,0.21726525,0.15575066,2706.891860961914,1165.702591649297,5.719567,40.26196,0.021563592022893038,0.022081253533658207,0.08255017408601846,0.04426344494401853,1602.586579201496,430.53030140528523,2438.470683959671,478.4025439860193,23.24010720612777,12.42887559715844,-0.00012511250081532975,6.219552884333667e-05,0.041885428548443834,0.1722212930771193,0.029800987243652342,0.014741785509500567,1.6246078,1.5178142,139.6748310810811,1.9837623961057864,4.490558884759847,0.22297171774924837,-0.9643595741264774,14.922354333037559,8.357389240279167
4,181f35d6aa4af933b1e8bed2718faa844f7ef4e7,-315.91992,193.6918,-17.552826,0.63050765,24.395763,-7.074721,-15.386523,-8.6863,-5.141884,-14.934189,-23.219585,-18.904657,-16.662241,32.493866,16.11172,23.520153,11.961041,11.99704,11.7542305,9.680271,8.799167,7.9371853,7.4769244,6.9853826,7.7134113,7.2362885,0.17377055,0.25967827,0.37027514,0.07601603,0.15146065,0.21529607,0.24815111,0.14355464,0.2978088,0.49272794,0.057943165,0.14504203,0.12133485,0.1332244,0.1847863,0.08816846,0.15798944,0.17251648,0.15838724,0.16289851,0.14466608,0.16473171,0.08322787,0.12812668,2400.0353050231934,598.3462776912779,2.0724208,12.984562,0.015802710028804158,0.016495708721484956,0.048058397585439984,0.022284387148868327,1308.8002698753621,311.8268694622368,1698.2328890162535,281.85078536895213,21.318016533502337,11.704661257670482,-8.373170869365828e-05,3.807452972234095e-05,-0.022050814366695655,0.1700664112757194,0.030979728698730467,0.014080456912753248,1.331286,1.0881226,105.46875,2.1953926774976993,5.547119916957046,0.7907092472019545,0.16577253709989925,14.70068724925868,8.636843672904314
5,517f33f1da6529d5ff33e7d555c779675afd6023,-312.10785,141.2518,8.193064,18.381544,32.90934,13.38663,-5.7695556,15.850149,-13.970919,-7.0532928,-16.535269,7.4251113,-0.41445988,41.59212,19.950075,30.549263,12.259796,15.573982,12.659285,10.129928,8.754858,9.655768,8.364656,9.301595,11.461415,13.717472,0.1988202,0.14393148,0.21689844,0.18059906,0.15925662,0.20082743,0.33224097,0.083490536,0.18190949,0.18626317,0.22023472,0.54200494,0.09919663,0.13888302,0.20912196,0.13845229,0.17182119,0.14405106,0.16434382,0.0947703,0.11978122,0.10955983,0.1364967,0.2090722,4007.673969268799,2120.4029498654163,2.5687242,24.91245,0.01581645745552073,0.016763328713836827,0.05303875072016977,0.03694410899137773,2081.6003817766173,636.6037346266661,3193.0111543170397,686.8291344459154,22.869428829536584,13.895138516274177,-7.534082673465379e-05,4.4857804625530125e-05,-0.02666762044415511,0.16263233524695067,0.03785133361816406,0.023612870368659295,1.6336529,1.648593,97.50884433962264,2.8751566769205463,12.325590656788954,1.3445230102570096,1.8180079282560975,14.730217964736916,8.573347862407791
6,817008b35994d1e382e05183004f29732ed9de94,-363.2036,140.95357,-46.006195,9.1713915,13.590502,9.023529,7.13553,-7.645406,-1.5954776,-13.4087925,-9.273272,-6.0814366,-13.127527,31.144108,21.95859,17.419401,16.401527,9.9676285,7.0489864,6.8821807,8.017756,7.759835,6.408864,7.487612,9.80195,12.50518,0.25668186,0.18218955,0.24616952,0.16854891,0.19887277,0.27518877,0.07746507,0.091015875,0.12930286,0.17005733,0.4715309,0.24343391,0.14710552,0.17564723,0.19639552,0.19815627,0.20525566,0.19775468,0.096648134,0.11461006,0.15454468,0.124558456,0.25966468,0.11934071,3787.3287391662598,1190.9985800616366,0.6579629,7.447604,0.007723501235551519,0.01064865259574685,0.02543169379816541,0.02472560283660179,2097.9550900085774,510.2788203213653,2097.742835169263,466.50079625603234,22.145346142006044,13.543408536206245,-3.894411715835126e-05,2.943540353563085e-05,-0.027721234862566994,0.2139955367624069,0.05509738922119141,0.021927832374212704,1.2404467,0.9629138,151.99908088235293,3.283289760078068,14.191663152485642,1.4675784341819407,1.2581670833263443,14.837703783267692,8.488119094146136
7,4c448b6ef8a7c6942248205dfa97735ff5b12249,-398.08624,180.95349,15.104675,2.731485,40.771217,12.395857,-10.610241,7.49955,5.1468635,-13.494532,-10.433023,-7.649376,-17.766499,18.29491,11.802385,13.958539,5.7959237,7.7373576,7.563873,7.805047,8.368238,6.9815106,5.851259,6.288683,5.999727,6.401093,0.08200977,0.10118494,0.41282234,0.22908106,0.11418499,0.09197511,0.30091488,0.18214592,0.19642971,0.35870427,0.2230536,0.16813844,0.11257963,0.11118371,0.22765285,0.16685116,0.18615468,0.1307433,0.20686427,0.21361387,0.1678812,0.17956202,0.15334877,0.20203842,1523.4320640563965,532.0155244564545,0.68237156,6.0779157,0.004776931860591088,0.0032131619756843753,0.02960400479867934,0.015365628565655091,746.1300507010659,167.87557036616244,927.3684866599427,124.10609050399967,23.739744959926767,9.535683632535523,-4.354765233499932e-05,1.653011162199967e-05,-1.93315975698762e-05,0.1774400514981926,0.019455146789550782,0.008540391059268007,1.0383651,1.124801,112.34714673913044,2.2474851102963953,6.856694338607321,1.4006770011806748,2.422791865984868,14.518382189239334,8.52767462603482
8,d255847e69af641f2690584df92f990d4fbca6f3,-322.71222,152.60449,-32.36812,-16.827414,9.689776,-9.650202,-6.855512,-7.122921,-16.744234,-10.987966,-1.7546955,-2.9333663,-6.0100904,69.93516,38.377235,33.608334,17.564447,17.988054,17.92075,11.872893,9.663192,10.880641,13.00837,13.132721,10.926159,11.954175,0.21825147,0.280321,0.2484118,0.19404238,0.2325553,0.2928267,0.31824517,0.26536673,0.17922384,0.18013379,0.19931272,0.17297104,0.16858648,0.16446595,0.17367755,0.1474357,0.15343751,0.16957705,0.19345608,0.19860086,0.14072874,0.13577338,0.17650926,0.15082967,3339.0511894226074,1357.3957229927375,3.1465445,29.428066,0.018246372644967646,0.022175679414591042,0.04856488634793232,0.04837863877147083,1853.4274737077146,639.0018956099054,1892.8984942598672,616.4335559095902,21.416026582753044,12.495187806523575,-8.189288137847345e-05,7.261683713816339e-05,-0.006994530821463721,0.15235617716956446,0.05247650146484375,0.02552472424182756,1.3275051,1.6588228,117.45383522727273,2.78881586337229,11.97797795947494,1.029980957896532,0.03598661852482277,14.713973634651602,8.620512419267047
9,c72856423b4955a40eb3f972b3a922baf24216e2,-331.18158,193.68024,-3.9652119,-24.531818,27.229431,15.469559,-5.581982,7.7665772,13.22469,1.0630858,-3.139455,-2.10838,-7.4585404,46.78158,22.82832,32.78116,12.15012,16.3297,13.332768,12.216665,10.940361,10.873517,9.201431,7.8396845,7.327762,8.244628,0.102878414,0.07169861,0.1312155,0.19804063,0.3150789,0.2159607,0.27880937,0.23516846,0.26626524,0.21434645,0.25749126,0.35449114,0.10365944,0.08153363,0.11485968,0.13568808,0.23970601,0.14031675,0.17466728,0.21492063,0.16863431,0.20510906,0.1571578,0.20500654,2027.8473472595215,507.5838808116032,2.3453212,19.581171,0.012889659121408385,0.01608017111794887,0.04797057605938582,0.04061153002350478,1119.748932679293,310.1993129168319,1077.9136640620804,142.8904514261447,21.49234177941214,10.250035058634525,-8.250545824328212e-05,6.42112558243518e-05,0.013221310732917803,0.16850042136208793,0.03729324340820313,0.01799729762675591,1.0732721,0.7908742,114.84375,3.3061754406577464,13.569978650643062,0.9313781084171183,-0.13545975501186502,14.738153319807454,8.630334781787305
10,c7e9c2b8859fc6eacda3e9346dbc6f3d07130c3f,-311.38336,162.80371,-11.808881,17.972076,19.060043,7.8563766,6.2900333,-6.296462,-7.4632554,-1.8125107,1.1158289,-8.426184,-9.636858,44.74664,13.098468,22.81206,11.700936,11.397529,9.487043,7.0289373,10.103851,8.4330845,9.594056,8.485546,7.9731784,7.9030457,0.24388108,0.36905822,0.3064139,0.039045993,0.08406794,0.15117022,0.39272577,0.46347228,0.09502826,0.11130384,0.19044909,0.22028176,0.19267783,0.12776563,0.13995188,0.06932054,0.09993581,0.12906855,0.124919206,0.12960367,0.09592995,0.10093822,0.15711586,0.15088171,2810.108242034912,819.0617390947776,1.1548251,11.726524,0.01248688646059732,0.011853703816069228,0.03264106406204403,0.02031206627873433,1453.8427961019484,370.74274510201207,1836.8497386422519,361.0553556889622,22.80802600989133,13.148749775309094,-6.139401626980908e-05,3.359890459757371e-05,0.009879504511873175,0.12791617596194163,0.03463058471679688,0.013881872332555752,1.5469354,1.6410006,178.20581896551724,1.8597884498128485,3.9484249945354923,2.707025778422538,11.245526474801773,14.732533498247784,8.558538459248002
11,791db0ad755c265825d7efc1e309c3152c15c57e,-346.46698,198.06665,7.389215,-17.439413,23.607075,3.3401046,-20.64037,-7.8259597,-1.3087013,-8.112246,-8.758598,-6.8742957,-4.993435,34.19175,21.331596,22.188425,13.308651,14.391856,12.313809,14.136026,9.494085,9.36753,9.956057,10.2181,12.158497,11.244499,0.13401148,0.20620665,0.15243766,0.15220289,0.19379717,0.32303503,0.06206865,0.17537467,0.1534385,0.24975805,0.49376637,0.10668389,0.1552581,0.21807411,0.14356056,0.18106245,0.21106319,0.21696901,0.097939506,0.1915899,0.14407468,0.18781058,0.21229263,0.10683962,1785.3464698791504,519.274905196458,2.2157874,15.525596,0.012242216063516215,0.013367226428310548,0.0513799340403289,0.028422642699301694,965.083136340642,203.9438734728304,942.7490646526606,159.1363945132002,22.223948926334312,9.69461778193655,-7.862287662085661e-05,4.1735166627062265e-05,-0.039897031068407994,0.20417593512468293,0.02952442169189453,0.011049146322271847,1.1640517,1.0248307,129.19921875,2.568511363455577,9.084750796413514,0.5892418419975163,0.12071632852024194,14.700627002123602,8.475426874721569
12,3bb5eab2e67e76b5a00913cf69c3bd3bcad894fe,-305.9374,177.36732,1.5784619,10.946714,10.371667,3.2372673,-18.2786,-19.56637,-19.15101,-21.390438,-18.591623,-14.963031,-14.022656,29.038736,17.791874,18.30945,12.7465,11.934238,11.301281,7.977398,9.007505,8.52051,6.8823547,6.5115876,7.3609605,8.488923,0.19568373,0.15242799,0.28391626,0.27492744,0.1989209,0.23920675,0.36330923,0.3524267,0.104179,0.15567228,0.18831293,0.11831238,0.16951916,0.12537618,0.16805214,0.2151184,0.14256561,0.1850715,0.20133655,0.19309579,0.14128973,0.15912452,0.17093652,0.1373713,2357.2801208496094,935.0643895489897,2.7528632,17.462368,0.016443204989692376,0.01478873541150494,0.054836283973528424,0.024792792834216138,1385.7517895048172,326.59884550331094,2153.3552454269507,447.16593121575124,22.62988328937246,12.358194953150194,-9.118210164557626e-05,3.6451279957583e-05,0.0065887257468951466,0.16201105786981113,0.02697124481201172,0.00874450342041221,1.5106754,1.4287311,178.20581896551724,1.4885434310812926,2.1472645399099006,0.5404385755632434,0.2573269195179648,14.675539064110493,8.5448547420129
13,977582bd6dff1a976a3c5337b1c1122986dd2610,-320.86737,188.84251,-13.040186,-15.660029,29.314663,-4.9803734,-25.940388,-5.4551754,-3.1698985,-13.498491,-11.085336,-10.418132,-14.881912,43.314644,17.696333,36.6535,10.157145,20.855894,9.243028,12.607813,10.449717,10.377034,8.470952,8.405513,7.9505577,8.905173,0.21373191,0.43594155,0.13554235,0.15496358,0.1846418,0.14455625,0.37434992,0.13177642,0.10358949,0.16822706,0.29445797,0.2373131,0.14364171,0.2022502,0.11657869,0.18193401,0.15696745,0.15366629,0.21307972,0.10443639,0.12401648,0.15939753,0.14920416,0.2269402,2347.573356628418,819.1345853848856,2.1750615,15.131505,0.01999378680160753,0.023508588960621933,0.04668622643743877,0.03147470444089125,1302.979458621809,447.3691627080313,1297.3730303555446,218.34548490642942,22.76979294873329,10.80847206610363,-8.523326093379759e-05,5.6905768263848106e-05,-0.05716618091746177,0.16193258871916985,0.038738250732421875,0.022062353990066765,1.3666251,1.4732155,105.46875,2.0819373261622505,4.798551758040333,1.4970307543396468,2.824286711274058,14.47406942264085,8.304616217725577
14,a4a34b3fb9f572c72fe8394caaced17fbb98d796,-351.1076,192.33467,-29.208445,9.903441,32.734577,-12.688472,-10.854788,-3.3397355,-17.517637,-18.191431,-8.19221,-10.954855,-11.755729,46.355362,16.903055,34.53937,13.5138645,11.236206,10.363674,9.71162,10.710318,7.3182416,7.9102244,9.207485,9.547505,8.154246,0.11014225,0.10244409,0.15269956,0.37331876,0.0758882,0.14985935,0.22686215,0.30660987,0.27666184,0.2502161,0.46210828,0.11740063,0.14581811,0.15098238,0.14360401,0.21714021,0.099047415,0.14214018,0.16430697,0.15776256,0.15135047,0.1404725,0.17358816,0.08953837,2634.1752433776855,876.2079415558779,0.8139633,4.617721,0.010863093452435503,0.009406087659201643,0.030873915691877224,0.017146047126116205,1393.0286784935677,492.64604171147266,1428.0847672104235,256.74134212290835,22.37708658375799,11.379864967875216,-5.8846528078460245e-05,3.36458672649427e-05,-0.015988824673184864,0.17911727502195585,0.04259185791015625,0.025704144235522423,1.3761648,1.2505585,123.046875,1.6246897847959176,3.505301836090096,1.2257811697421335,1.6401853082365623,14.891984684584216,8.476948659407748
15,cc26b3fff957c13ee0f24f258e5b203783971bae,-300.42157,204.30034,-44.81266,-11.772137,15.230237,-18.463278,-12.62096,-5.966218,-16.250813,-16.728882,-8.66893,-7.265784,-9.665285,36.374405,23.466312,35.257885,23.595982,11.530875,14.207176,9.778873,8.764622,9.903618,9.913626,9.013492,10.553507,10.481989,0.18191567,0.17627808,0.29848325,0.16332898,0.118960425,0.42725125,0.112349674,0.1548378,0.20191589,0.22176456,0.4508926,0.1325546,0.14543873,0.15362893,0.1665674,0.18781815,0.12231157,0.15502636,0.10517727,0.14835432,0.1675466,0.14852063,0.19460295,0.09004199,2677.140712738037,873.6404996754458,1.4628665,7.3762703,0.015519923328899992,0.012970555345761338,0.046127565715624354,0.019014361187390312,1539.8705566526903,570.420704187542,1343.6016203113659,251.07170463270538,22.415304870735255,11.080246137250336,-9.092876672275036e-05,3.1738991097779224e-05,-0.050133080259158774,0.14301814995257464,0.052637672424316405,0.026876161735665722,1.363112,1.4719746,103.359375,2.010474292031161,4.940372341634518,0.6304743180002648,-0.41387774122368404,14.49087709750567,8.451566229123898
16,defda76ab30e0efcd75b5a49e7eb23f3061c704e,-303.91177,172.3447,-22.457438,-4.7886896,37.07229,3.5488849,-8.459619,3.0675163,-5.3570013,-23.748655,-25.649769,-7.6963897,-0.9521165,32.70954,15.153392,25.576939,12.630468,11.798237,9.305347,11.376834,9.618393,8.640551,7.9069185,7.8502355,11.131103,12.927578,0.21960625,0.46431303,0.11098895,0.10455199,0.11521492,0.2737207,0.10579709,0.108392455,0.39363658,0.11122324,0.1639547,0.17290026,0.12098609,0.29017815,0.1127276,0.15396181,0.19049838,0.212386,0.13951579,0.12530884,0.21344419,0.112478875,0.17998287,0.18783098,2573.167304992676,569.0090970232111,2.9361064,27.928843,0.013900826609931045,0.015292622814839802,0.06102233866030497,0.03528361431552831,1347.5575520557134,331.08332422077734,1520.9784549547317,215.55682029372164,21.77391006042162,11.723177987574886,-9.630840284150072e-05,4.84168258220533e-05,-0.07901756654416377,0.20530231226912796,0.03575325012207031,0.019100174409598894,1.2187191,1.036692,120.18531976744185,2.6501394088637418,9.132656126901995,1.2875324685406406,2.27774783075471,14.551237172835236,8.529619718018873
17,868448e06b800d3dc8bd6bd7de9c333ae4203d94,-274.764,164.1872,-30.839392,-0.614081,7.8283434,2.5129912,1.0833937,-1.8766342,-16.433159,-19.426847,-20.9063,-14.211248,-12.006973,35.735832,17.46953,17.277466,12.471974,15.110871,10.16864,7.8551145,7.1534243,7.7502184,11.015554,9.359351,9.324438,7.7024283,0.27666607,0.46569785,0.21666825,0.130668,0.07735642,0.20538251,0.082255974,0.059314776,0.4296688,0.27279997,0.21528907,0.24474542,0.13185887,0.14465266,0.11334749,0.10714303,0.14495751,0.1273609,0.10265114,0.10068676,0.16530228,0.14057185,0.16432445,0.15553854,3238.5180473327637,1147.9805743054105,3.3244033,29.6701,0.02160877053991344,0.0261102297455323,0.05308614191424184,0.038722301219469395,1860.55538038948,461.5839272458979,2291.6109951297326,445.06171009217337,22.82991828866665,12.814934459657792,-9.56793916096751e-05,5.332395667872874e-05,-0.051709526178824676,0.14346858933000614,0.046298980712890625,0.01606343780297573,1.536508,1.3133862,103.359375,3.166565526031255,13.594564409963844,1.7062585153067185,2.783014440512944,14.388859543817524,8.369825330549071
18,4a9bbf4ed1966c99aebaa080f5180e5b66accbbf,-243.06645,142.79358,-4.0137987,43.423115,1.7042665,29.019598,-10.210409,7.27567,-10.391087,2.4062696,-4.170977,0.8647958,2.3486228,24.944908,15.781518,12.629994,14.142195,10.4976225,7.1860075,8.123432,8.900015,7.838725,7.34478,6.9247413,7.261353,6.4778357,0.24264646,0.24406019,0.14908615,0.3849508,0.36029506,0.10961954,0.15642162,0.23324403,0.16768149,0.07835696,0.32082066,0.37002468,0.12370045,0.1242982,0.10091484,0.1315137,0.12718083,0.1136392,0.16955115,0.13529791,0.11777375,0.104703546,0.15757018,0.17974351,5436.88985824585,1696.2567243288024,2.4258945,16.881409,0.021605419359465805,0.018250761040906716,0.052096342507571246,0.022267614273513838,2380.7700196382443,437.71574575284393,3368.500977504972,474.42162574128463,21.179644532165725,14.028709401826996,-9.889677785206094e-05,3.738732034618852e-05,0.010387427486731925,0.1473237140339347,0.03570995330810547,0.011648192359624505,1.227379,0.7788793,129.19921875,2.264693998127911,6.653080997845397,1.3799827101548618,2.692585326884413,14.556097024668453,8.54785464476744
19,60c9db4b76c782ebde9a4aeb188f0119d8d909ad,-287.49445,140.55815,14.808589,26.16351,19.45837,6.832549,-11.161914,1.6539437,-10.200975,-7.6919756,-6.507655,-9.12898,-7.7767777,27.967863,13.102963,22.42515,9.680722,8.894571,11.146535,7.5501666,7.22614,8.573682,6.0542064,8.077273,9.003721,8.750299,0.23557809,0.23479521,0.3718943,0.45612344,0.16442056,0.032652654,0.30710527,0.25363532,0.05001229,0.07285573,0.14932603,0.35256624,0.14801575,0.1253747,0.17366998,0.16025442,0.098209195,0.050990786,0.15065905,0.13000883,0.08145515,0.07976475,0.096924186,0.18481743,3879.5093536376953,1479.4587932146596,2.6977935,34.06701,0.014407243345704101,0.013181732607155236,0.052197780717561856,0.03438006527114145,1950.2675010373703,436.1048225830291,3014.586127306623,489.6827629220854,21.79843100091517,13.34748202096514,-8.221881937435121e-05,4.007428516033641e-05,0.017432528476708745,0.1541143309938596,0.03227214813232422,0.0147561584858567,1.3802111,1.0986575,161.4990234375,3.13280867660033,16.764123279978076,2.5932297494949546,10.36264430977319,14.652508048486885,8.553171329822348
20,99bc242b84253241d23afd452e750c3dda7ac5c9,-357.1854,186.25995,13.309054,0.14477448,5.267845,-8.568149,-0.58882046,2.7945397,-3.7134888,-5.8543487,-2.0681012,-3.511046,-6.4979453,37.22775,16.46387,23.266151,13.252449,12.697115,10.554589,9.624305,9.402846,7.492039,8.389232,7.1367393,9.107256,10.687477,0.3026297,0.2747821,0.2525912,0.23070645,0.096792884,0.20548597,0.25537306,0.38053542,0.28281173,0.089480855,0.1430708,0.2391949,0.14601053,0.16542241,0.14980079,0.1378158,0.08553418,0.17285551,0.16739222,0.20879021,0.1839081,0.08166604,0.1355204,0.17552921,1944.2043113708496,879.2287095822664,1.2391036,9.748059,0.013505920897643917,0.013612557221711478,0.03289702915513267,0.02156313529541425,1117.5517606696262,376.87493346393813,1385.2357971269648,286.46141648944746,21.559233189330502,12.03563095729697,-5.344771660440108e-05,2.8485986296379786e-05,0.0030291477991486377,0.15609776773854708,0.028203964233398438,0.013569587660014718,1.4470853,1.9019774,92.28515625,1.7295453619490815,3.1918814206526767,1.242636602926613,1.5600227141130523,14.648437389770722,8.452637104079328
21,1a11415bbf88dfaa1a8854279d58cdf81bac41fe,-274.0346,162.45557,-5.3065715,8.026147,11.419684,-7.478274,-18.570024,-15.720042,-0.14804597,-7.1436186,-17.21316,-10.602489,-7.7027564,45.64951,20.95332,32.72357,14.162483,19.053574,10.598309,16.325396,10.227823,10.787417,9.850264,9.933825,10.200189,9.994124,0.2024569,0.23440674,0.24131897,0.27184692,0.37807566,0.41586703,0.046617024,0.086279176,0.106851295,0.22194023,0.2946959,0.09811435,0.14409699,0.18727238,0.13977876,0.21045095,0.17964956,0.14383908,0.07135269,0.10773077,0.1244985,0.16825911,0.21400337,0.10171854,2848.8259506225586,1080.1334110336677,4.848728,46.42483,0.02206511326080937,0.024953058369557326,0.07118864804513235,0.05085072730333691,1663.322405702663,449.4770416080375,2168.4860799251665,451.5354939680753,22.69015724246042,12.989004273791663,-0.00011973020063059297,7.361208112438961e-05,-0.022580210858801346,0.1929309771729356,0.04265575408935547,0.02347756595767789,1.335481,1.1673269,139.6748310810811,2.3842717677006244,6.642181919203114,1.3066212193904547,1.5490961538156496,14.468519598315515,8.418080392213849
22,34262525edf562fc995aca84364a8082819d551b,-331.6813,161.52876,-30.96844,-31.43863,27.75711,10.556798,-7.4937363,6.163173,-2.762673,-23.972988,-24.076319,-16.655064,-13.632315,33.15161,14.781694,24.467018,11.488032,10.931521,10.865525,7.4743404,7.2035384,8.299076,8.684455,9.538494,8.496281,8.008075,0.23801398,0.42296258,0.09790667,0.19203387,0.12555337,0.28411612,0.12898773,0.1688898,0.433554,0.12175977,0.14958516,0.24599037,0.12242159,0.16640525,0.0940796,0.13236237,0.15043187,0.18359855,0.15052828,0.16476761,0.21837857,0.11128475,0.16081661,0.17184661,2507.036819458008,392.21470133267877,1.8601671,25.219322,0.01332873639059592,0.022816783832149336,0.03584957303802408,0.040401270705532615,1405.3166739490812,264.9181929833421,1096.4122845136637,125.25375111110469,22.138231509569046,9.879796895934174,-6.159246837247235e-05,5.1151274077934405e-05,-0.05098504552750103,0.17573712920355877,0.051716041564941403,0.016568859272996745,1.1365094,1.2156826,87.5926906779661,3.691092492042594,16.86920671818623,2.549696438398582,6.55902232456917,14.42391182829721,8.551598635593614
23,790aa19bbcee2dc25824bbc11597d04bfd5ca650,-282.1811,194.8599,4.113867,-9.650106,13.913954,-10.039021,-9.828749,-1.1283554,-12.919756,-14.166695,-9.061098,-10.301073,-4.790132,20.79845,13.71903,15.585844,11.654527,8.073626,6.2690196,5.4110303,7.4827895,7.9075065,8.152879,8.994983,7.8021855,7.2751703,0.19822912,0.1618793,0.12493658,0.39011684,0.14424822,0.19416557,0.1060997,0.2840693,0.21911363,0.23207827,0.42863503,0.13447371,0.16519831,0.14138894,0.094341666,0.223515,0.12142976,0.18551937,0.14282624,0.19352184,0.18504211,0.14749329,0.18785825,0.09010331,1755.5364418029785,488.2504942467227,5.3380117,39.543743,0.02470603718211465,0.025068908299245875,0.07314305004894484,0.0413013774862591,1090.4292269189998,198.16557367448425,1440.6394116861593,244.81947768230057,20.56760663411574,11.065296960705917,-0.0001201139509561576,5.3447807602367886e-05,0.009043696312583862,0.17745615193018963,0.02945556640625,0.010138266487519436,1.2165716,0.9438579,93.96306818181819,2.5076484031243877,7.661004617521158,0.9816652426900669,0.6770604952537047,14.059424540186445,8.294584507163535
24,a356fbf40e989313f4872c22a7095ba41c55b18c,-319.20346,176.1815,-7.5615907,-0.42050356,37.920265,-4.6604257,-23.75172,-4.160689,-11.208526,-23.883167,-14.845551,-10.694415,-16.629654,43.13796,23.595081,29.408342,13.6651125,13.145781,11.839786,9.484079,8.621127,8.77086,8.672006,7.42472,7.423339,7.555706,0.18787093,0.17521346,0.20200053,0.2863549,0.05670458,0.10418512,0.17127876,0.31622487,0.4592773,0.24412975,0.24764207,0.1974757,0.15367337,0.20190407,0.17155111,0.17977929,0.09675344,0.1309032,0.15819345,0.15591343,0.16958381,0.1323483,0.15799315,0.15407774,2223.807907104492,826.4152012003085,4.061429,30.89037,0.02053462611108319,0.022916322934159204,0.06702895183221118,0.03868611446955658,1124.57222768034,416.1262098516007,1168.2961096426775,216.2684312487715,21.32497872029737,10.665887620022415,-0.00010036654191249226,5.747145656128735e-05,-0.01416717599361917,0.17202736242649624,0.029707908630371094,0.020119683860160265,1.2985235,1.4327807,126.04801829268293,1.885137237447781,3.7948494451307706,0.5083023997093196,-0.4654556457912564,14.52782678662863,8.602407339773642
25,95eb565cb195eecbd70b682dffb53f800367c620,-390.23407,196.6479,-4.998849,2.0280232,18.603521,-1.8696606,-13.488279,-5.743165,-5.753768,-20.345798,-19.98046,-8.067388,-7.7741227,41.498085,14.828732,31.318172,10.010668,9.493335,11.360351,10.589822,9.717676,9.59155,8.261922,7.4255095,8.265713,8.157902,0.24223042,0.0860572,0.21029921,0.29907948,0.08328418,0.25194436,0.22841246,0.3049858,0.30343717,0.29757023,0.37968552,0.07881464,0.16181692,0.105671346,0.13617669,0.16429812,0.10374122,0.105756484,0.17473933,0.16433214,0.1948447,0.13216546,0.16227168,0.097517125,2177.3012351989746,782.7025823782179,0.5679951,3.409686,0.008953823792553054,0.009851912139771227,0.02501283233907018,0.014516432792491494,1283.699091332995,407.99608359018487,1698.26728931162,243.98127586302638,22.484170638458085,11.90782522015444,-4.4831242009292406e-05,2.4889534241841448e-05,0.005204418678810637,0.14123790645837264,0.03734035491943359,0.022901786607587047,1.2966079,1.1987221,93.96306818181819,2.736630038239064,9.733622594100515,1.2272529171341209,0.7863261035054054,14.281786453711916,8.420075734870906
26,dc3963998227c1770d38d4133222b79d9b86b7e8,-369.66254,171.72049,8.51145,-13.155522,19.274942,-3.3293602,-23.706924,-10.900233,-15.88932,-30.004923,-18.69392,-10.599272,-23.79552,53.99947,29.03928,37.021835,23.342049,16.353743,11.518854,12.266723,9.797794,7.7644553,11.464996,8.1700735,10.726021,8.662949,0.13462576,0.16620047,0.20724306,0.2913551,0.30842987,0.2734344,0.14921811,0.1838364,0.24309747,0.21294191,0.22480449,0.14155073,0.14347075,0.18025069,0.17442968,0.24836072,0.2302266,0.18661393,0.15778363,0.1615337,0.21857154,0.19342269,0.19372176,0.13685594,1856.64155960083,902.3840260218146,2.9386349,23.125446,0.009297282379272619,0.012073839659377378,0.060432754113851885,0.04504223424189307,1218.5960788406514,345.3168255399458,1626.1507411056996,593.5399225554961,24.518267537027935,11.335436219075786,-8.921724783531235e-05,6.624758384758774e-05,0.007619808273846355,0.18789857883661223,0.036604118347167966,0.019498673704026796,1.2125857,0.7628323,129.19921875,2.844296410842746,9.999130140503599,0.8749692716407881,0.004987049502545471,14.467439016010445,8.566227696533975
27,7966c098ca617f1af9fc4ffc8a98c9eaef1f5a91,-340.95856,178.02313,10.650986,-5.749057,20.14277,2.9635022,-6.258357,2.3172736,-0.45312247,-7.78572,-4.6796393,-2.408351,-9.440535,44.509636,21.577553,33.217907,14.318767,14.311142,9.995685,9.370859,8.721384,9.608682,12.278634,11.258167,8.793179,10.591717,0.43122244,0.21138234,0.15299499,0.12993327,0.2844872,0.22078943,0.18473741,0.3653693,0.114620805,0.07491103,0.106254354,0.24551871,0.2380739,0.121808045,0.15998968,0.15763828,0.21314454,0.18548359,0.19521795,0.19957589,0.12200837,0.085426465,0.1140869,0.1628318,1798.1991004943848,754.6446216189559,2.7338905,21.697046,0.013949445234314652,0.01524815402515856,0.05612252610593418,0.034477465021283925,1085.8097184262338,380.6372038220697,1355.1099824171883,326.64862448994916,22.58960927406142,10.894132930595086,-8.445847683921716e-05,4.862091938429193e-05,0.08199699615758616,0.1676345352276927,0.03278217315673828,0.01856830078610443,1.2265968,1.266836,101.33272058823529,2.140087893957225,6.146011556788137,0.5271403109233007,-0.36751048313556867,14.090642479213907,8.29407662074912
28,f9812ac838248cde6b66e62fdd2962f0c7b71591,-325.3897,159.98288,-18.971075,36.235554,37.39852,-11.901952,-3.6136508,1.3235924,-3.5617242,-13.141327,-16.712337,-2.8228283,-3.8826187,35.08911,15.821187,29.66921,10.077182,13.0734,11.929289,9.904663,11.894892,11.419169,8.3063965,9.130325,8.816635,9.484345,0.32278514,0.058372878,0.114141345,0.15863223,0.15332904,0.11035345,0.24449988,0.36991185,0.24634795,0.29400596,0.2121562,0.3459144,0.18905114,0.07451693,0.13168691,0.16831544,0.14447053,0.13531722,0.16478328,0.1830978,0.19323483,0.19040851,0.14544483,0.16893388,3295.7913208007812,851.6976781335875,1.1775086,10.114406,0.011900940757816636,0.010435348244539032,0.03731640216429942,0.02007703362802793,1720.0417758682252,567.3807310892007,1770.2122198643433,245.6061647896855,21.55298630737009,13.057741901270745,-6.400381712855261e-05,2.9254066669694465e-05,0.04464752340690919,0.14130942515815845,0.04685764312744141,0.037386334737172205,1.6798546,1.6827825,120.18531976744185,2.2072730507647713,7.597115055479174,1.3929890978760529,2.9386022399995158,14.645494446366117,8.478774703135105
29,3b05ee46724f24a7e92d1f00dca692bf44db4a2e,-256.01846,183.93973,-49.62426,57.748848,1.4862459,-8.1364565,19.896786,-7.428849,4.486319,-2.176149,-4.5866547,-7.0115156,-7.575859,26.921173,21.015455,21.937635,16.479063,11.940375,11.086597,10.698677,7.4921575,7.070677,6.7670217,8.138205,7.8982663,7.2928047,0.25830042,0.23788853,0.1983273,0.1769425,0.30579233,0.252326,0.26515645,0.35711148,0.2077167,0.28736296,0.18371224,0.18558839,0.19985375,0.1597469,0.14192896,0.1442601,0.16201699,0.13777812,0.12128511,0.16132978,0.124492966,0.13695529,0.10962413,0.13586377,4206.788806915283,1021.6341467168974,2.74279,12.800282,0.02333695326586332,0.017181781274235135,0.05619857557640171,0.023690745691609148,1977.990448706863,504.08500412510665,2109.6275138114124,296.16850922459986,21.44552012421668,13.965258502060843,-0.0001122432471745585,3.95848986052104e-05,0.004093215923687518,0.12395590888370157,0.051958465576171876,0.02425243222373686,1.4238942,1.3773134,109.95678191489361,1.627541980106303,3.860082503289669,0.6874671422607546,0.6137523624900898,14.309297052154196,8.453604009720651
30,65309fd85aa94015741ea7f09b9fb00d6ecde502,-199.10934,183.74529,-61.06797,20.729519,3.5689387,-3.4125144,-6.746907,-2.2693295,-3.9079406,-6.49881,-8.868977,-4.9916115,-4.773013,47.263943,24.553553,26.680492,16.644003,12.857631,11.988611,9.201523,9.092164,8.865364,9.078951,7.568868,8.154218,7.74465,0.1875942,0.15205705,0.3521728,0.255958,0.17585811,0.22478442,0.1822058,0.34124666,0.2927226,0.16385658,0.17569074,0.271397,0.12576567,0.16929919,0.17731422,0.13999881,0.16345072,0.16023044,0.1323116,0.19300047,0.16990545,0.120084636,0.1575259,0.1822587,3520.5441284179688,914.7711463466732,5.818124,26.811419,0.02931574959547407,0.019905927101188783,0.08995831662000087,0.033498348217911984,1984.1428375652933,496.5288610014542,2012.0263462943433,384.9504356828085,23.19440548472835,12.811824954403466,-0.00019437601608304574,6.506582878482183e-05,0.01378768755413539,0.14664472686623203,0.05701904296875,0.020272913284727464,1.4806246,1.4632643,117.45383522727273,1.018681086434068,1.0575707300967059,-0.345962685233667,-0.3916781896863588,13.866827916351722,7.953854917298498
31,433c343f6c68b16d344328e0d794ad6f8498e52e,-207.76392,200.4634,-54.488575,-4.25689,33.022133,-1.0015528,-1.1325581,-11.074247,-14.480621,-6.049739,-10.659819,-10.9918585,-8.577637,29.09818,18.871626,24.973408,16.790743,19.503317,13.042668,11.903141,10.045075,8.753458,11.357441,10.598494,11.816859,10.85943,0.24659371,0.22656436,0.3062244,0.20095125,0.3720935,0.08180572,0.12167883,0.20844457,0.24070553,0.36475864,0.06951772,0.17607324,0.19085322,0.15603639,0.17329885,0.16708033,0.1767629,0.08837816,0.12544276,0.19388437,0.17826958,0.22044876,0.082657024,0.15864687,2819.857063293457,672.7099613639651,10.813479,61.769215,0.037026888584231435,0.02932165587442668,0.12708774260912628,0.05410587737729704,1606.9286122408587,374.2090035370342,1397.1351947610478,273.1853478792311,22.811877221779373,11.198473507415715,-0.00024352993191742705,8.10763544361877e-05,0.04726636530564966,0.17338292373793407,0.05487842559814453,0.021228812628988757,1.2800896,1.0670495,114.84375,1.878835037874497,5.094212113374143,0.4359147820716579,-0.7534971707356029,14.253849401829696,8.362743139950863
32,4be4a596eb5a60ad086189136f36d5fa5dcb3baa,-200.47491,188.73582,-71.37393,36.07337,22.918085,6.2359524,0.07789259,-9.733026,4.4751716,-6.7638845,-6.642942,-3.3798225,-3.5615108,22.219467,13.758277,15.20902,11.338404,10.241492,8.077061,8.34471,8.076987,7.834274,7.5454288,7.2342477,9.938834,11.1035795,0.27238998,0.32715565,0.36270517,0.15548691,0.07034807,0.08927939,0.15318899,0.39598837,0.34653604,0.1448777,0.13332221,0.14718716,0.15408932,0.20063707,0.23067245,0.117570125,0.11102903,0.12642564,0.11402239,0.18774696,0.18561243,0.103731684,0.13049158,0.13964313,3631.9027519226074,633.2899265665221,5.3534074,27.339209,0.029580798489442506,0.01986581348878578,0.09025273453396324,0.024195745486800372,2005.1155585974684,390.99031634788906,1910.5338976109356,206.8893230788002,22.228094999420893,13.036445916559826,-0.00018527583264659012,3.4347652124639264e-05,0.015544659252996702,0.13882388396901324,0.05906257629394531,0.025723925235415876,1.4328752,1.4318497,112.34714673913044,1.8365567891713495,4.028015713912889,-0.049640190923979095,-0.4995516223218952,14.305054945054945,8.388664885084847
